<?xml version="1.0" encoding="utf-8"?>
<metadata>
    <layout title="COM_HALLENINFOS_TITLE_ITEM_VIEW_HALLENINFO" option="View">
        <message>
                        <![CDATA[COM_HALLENINFOS_TITLE_ITEM_VIEW_HALLENINFO_DESC]]>
        </message>
    </layout>
    <fields name="request">
        <fieldset 
            name="request"
            label="COM_HALLENINFOS_FIELDSET_ITEM_ID_SELECT_LABEL">
            <field
                name="id"
                query="SELECT `id`, `datum` FROM #__ttc_halleninfos ORDER BY `id`"
                type="sql"
                key_field="id" 
                value_field="datum"
                label="COM_HALLENINFOS_ITEM_ID_SELECT_LABEL"
                require="true"
                description="JGLOBAL_SHOW_TITLE_DESC">
            </field>
        </fieldset>
    </fields>
</metadata>
