<?xml version="1.0" encoding="utf-8"?>
<!--
/**
 * @copyright	Copyright (c) 2015 Austen. All rights reserved.
 * @license		GNU General Public License version 2 or later; see LICENSE.txt
 */
-->
<extension type="module" version="5.0" client="site" method="upgrade">
	<name>TTC - Zeige und Berechne QTTR Daten</name>
	<author>Thorsten Austen</author>
	<creationDate>Januar 2022</creationDate>
	<copyright>Copyright (c) 2022 Austen. All rights reserved.</copyright>
	<license>GNU General Public License version 2 or later; see LICENSE.txt</license>
	<authorEmail>thorsten.austen@ttc-nordend.de</authorEmail>
	<authorUrl>http://www.ttc-nordend.de</authorUrl>
	<version>1.4.1</version>
	<description>
	<![CDATA[
	Zeige und Berechne QTTR-Daten
	]]>
	</description>

	<files>
		<filename module="mod_qttrcalc">mod_qttrcalc.php</filename>
		<filename>helper.php</filename>
		<filename>index.html</filename>
		<folder>tmpl</folder>
	</files>

	<languages>
		<language tag="en-GB">en-GB.mod_qttrcalc.ini</language>
		<language tag="en-GB">en-GB.mod_qttrcalc.sys.ini</language>
	</languages>

	<config>
 
		<fields name="params">
			<fieldset name="basic">

			</fieldset>

			<fieldset name="advanced">
				<field
					name="layout"
					type="modulelayout"
					label="JFIELD_ALT_LAYOUT_LABEL"
					description="JFIELD_ALT_MODULE_LAYOUT_DESC"
				/>

				<field
					name="moduleclass_sfx"
					type="text"
					label="COM_MODULES_FIELD_MODULECLASS_SFX_LABEL"
					description="COM_MODULES_FIELD_MODULECLASS_SFX_DESC"
				/>

				<field
					name="cache"
					type="list"
					default="1"
					label="COM_MODULES_FIELD_CACHING_LABEL"
					description="COM_MODULES_FIELD_CACHING_DESC"
				>
					<option value="1">JGLOBAL_USE_GLOBAL</option>
					<option value="0">COM_MODULES_FIELD_VALUE_NOCACHING</option>
				</field>

				<field
					name="cache_time"
					type="text"
					default="900"
					label="COM_MODULES_FIELD_CACHE_TIME_LABEL"
					description="COM_MODULES_FIELD_CACHE_TIME_DESC"
				/>

				<field
					name="cachemode"
					type="hidden"
					default="static"
				>
					<option value="static"></option>
				</field>
			</fieldset>
		</fields>
	</config>
</extension>