<?xml version="1.0" encoding="utf-8"?>
<extension type="module" version="5.0" client="site" method="upgrade">
	<name>Zeige erfasste Halleninfos</name>
	<author>Thorsten Austen</author>
	<creationDate>August 2024</creationDate>
	<copyright>Copyright (c) 2024 Austen. All rights reserved.</copyright>
	<license>GNU General Public License version 2 or later; see LICENSE.txt</license>
	<authorEmail>thorsten.austen@ttc-nordend.de</authorEmail>
	<authorUrl>http://www.ttc-nordend.de</authorUrl>
	<version>2.0.1</version>
	<description>
	<![CDATA[
	Anzeige der erfassten Halleninfos
	]]>
	</description>

	<files>
		<filename module="mod_halleninfos">mod_halleninfos.php</filename>
		<filename>helper.php</filename>
		<filename>index.html</filename>
		<folder>tmpl</folder>
	</files>
</extension>
