<?xml version="1.0" encoding="utf-8"?>
<!--
/**
 * @copyright	Copyright (c) 2015 Austen. All rights reserved.
 * @license		GNU General Public License version 2 or later; see LICENSE.txt
 */
-->
<extension type="module" version="5.0" client="site" method="upgrade">
	<name>TTC - Eigene QTTR Daten verwalten</name>
	<author>Thorsten Austen</author>
	<creationDate>July 2015</creationDate>
	<copyright>Copyright (c) 2015 Austen. All rights reserved.</copyright>
	<license>GNU General Public License version 2 or later; see LICENSE.txt</license>
	<authorEmail></authorEmail>
	<authorUrl></authorUrl>
	<version>3.0.9</version>
	<description>
	<![CDATA[
	Display and Edit own QTTR values
	]]>
	</description>

	<files>
		<filename module="mod_ownqttr">mod_ownqttr.php</filename>
		<filename>helper.php</filename>
		<filename>index.html</filename>
		<filename>install_mysql_utf8.sql</filename>
		<filename>uninstall_mysql_utf8.sql</filename>		
		<folder>tmpl</folder>
	</files>

	<languages>
		<language tag="en-GB">en-GB.mod_ownqttr.ini</language>
		<language tag="en-GB">en-GB.mod_ownqttr.sys.ini</language>
	</languages>

	
    <install>
        <sql>
			<file driver="mysql" charset="utf8">install_mysql_utf8.sql</file>
        </sql>
    </install>
 
    <uninstall>
        <sql>
            <file driver="mysql" charset="utf8">uninstall_mysql_utf8.sql</file>
        </sql>
    </uninstall>
 <config>
		<fields name="params">
			<fieldset name="basic">

			</fieldset>

			<fieldset name="advanced">
				<field
					name="layout"
					type="modulelayout"
					label="JFIELD_ALT_LAYOUT_LABEL"
					description="JFIELD_ALT_MODULE_LAYOUT_DESC"
				/>

				<field
					name="moduleclass_sfx"
					type="text"
					label="COM_MODULES_FIELD_MODULECLASS_SFX_LABEL"
					description="COM_MODULES_FIELD_MODULECLASS_SFX_DESC"
				/>

				<field
					name="cache"
					type="list"
					default="1"
					label="COM_MODULES_FIELD_CACHING_LABEL"
					description="COM_MODULES_FIELD_CACHING_DESC"
				>
					<option value="1">JGLOBAL_USE_GLOBAL</option>
					<option value="0">COM_MODULES_FIELD_VALUE_NOCACHING</option>
				</field>

				<field
					name="cache_time"
					type="text"
					default="900"
					label="COM_MODULES_FIELD_CACHE_TIME_LABEL"
					description="COM_MODULES_FIELD_CACHE_TIME_DESC"
				/>

				<field
					name="cachemode"
					type="hidden"
					default="static"
				>
					<option value="static"></option>
				</field>
			</fieldset>
		</fields>
	</config>
</extension>