<?xml version="1.0" encoding="utf-8"?>
<extension type="component" version="5.0" method="upgrade">
    <name>com_spielplan</name>
    <creationDate>2024-09-19</creationDate>
    <copyright>2024 Thorsten Austen</copyright>
    <license>GNU General Public License version 2 or later; see LICENSE.txt</license>
    <author>Thorsten Austen</author>
    <authorEmail>thorsten.austen@gmail.com</authorEmail>
    <authorUrl>http://</authorUrl>
    <version>1.0.5</version>
    <description>Verwalten des Vereinsspielplans, nachdem man ihn aus click-tt importiert hat. Biete sich an, um z.B. Spiele zu verlegen</description>
    <namespace path="src">Ttc\Component\Spielplan</namespace>
    
    
    
    <install> <!-- Runs on install -->
        <sql>
            <file driver="mysql" charset="utf8">sql/install.mysql.utf8.sql</file>
        </sql>
    </install>
    <update> <!-- Runs on update -->
        <schemas>
            <schemapath type="mysql">sql/updates</schemapath>
        </schemas>
    </update>
    <uninstall> <!-- Runs on uninstall -->
        <sql>
            <file driver="mysql" charset="utf8">sql/uninstall.mysql.utf8.sql</file>
        </sql>
    </uninstall>

    

    <files folder="site">
        <folder>src</folder>
        
        <folder>tmpl</folder>
    </files>
    <media destination="com_spielplan" folder="media">
        <folder>css</folder>
        <folder>js</folder>
        <filename>joomla.asset.json</filename>
    </media>
    <languages folder="site/languages">
        
			<language tag="en-GB">en-GB/com_spielplan.ini</language>
    </languages>
    <administration>
        <menu>COM_SPIELPLAN</menu>
        <submenu>
            
			<menu link="option=com_spielplan&amp;view=spielplaene" view="spielplaene" alt="Spielplan/Spielplaene">COM_SPIELPLAN_TITLE_SPIELPLAENE</menu>

        </submenu>
        <files folder="administrator">
            <filename>access.xml</filename>
            <filename>config.xml</filename>
            <folder>forms</folder>
            <folder>src</folder>
            <folder>tmpl</folder>
            <folder>services</folder>
            <folder>presets</folder>
            <folder>sql</folder>
        </files>
        <languages folder="administrator/languages">
            
			<language tag="en-GB">en-GB/com_spielplan.ini</language>
			<language tag="en-GB">en-GB/com_spielplan.sys.ini</language>
        </languages>
    </administration>
    <config>
        <fields name="params">
            <fieldset name="component">
                <field name="save_history" default="0" />
            </fieldset>
        </fields>
    </config>
    <plugins>
    </plugins>
    

    <updateservers>
        <server type="extension" priority="1" name="com_spielplan">https://nocdn.component-creator.com/index.php?task=builder.preupdatecheckhook&amp;option=com_combuilder&amp;component=NzYwODktMjEyMzgx</server>
    </updateservers>
</extension>
<!-- Component built by the Joomla Component Creator -->
<!-- http://www.component-creator.com/ -->
<!-- Im Vergleich zum Original wurde die Struktur der Tabelle ttc_ttc_spielplan angepasst, da die Reihenfolge sich nicht mehr fehlerfrei am Client ändern ließ -->
